Spec_File,OptUV_Radius_cm,OptUV_Temperature_K,OptUV_ChiSquare,SoftX_Radius_cm,SoftX_Temperature_K,SoftX_ChiSquare
0150,436541376626919.4,44308.126953854226,6.547137582446945e+40,4119368615813.722,445643.1351108912,2.3933790270125176e+41
0151,436541376626919.4,41950.93588729162,6.092169006036769e+40,14439036407146.86,307126.36643578357,4.257057679799061e+41
0152,396391955737937.4,43113.424743658674,1.8990006821908015e+40,2384481894425.3154,527805.1684035911,7.887503906766934e+41
0153,409347076302336.4,41950.93588729162,6.316118139804931e+40,4254000301181.0786,460982.5695836015,4.5126878288700336e+41
0154,409347076302336.4,44308.126953854226,3.1866325309460106e+40,6257485343945.197,376271.0480311265,1.978820060882878e+41
0155,359935142432174.0,44308.126953854226,2.0083314245096508e+40,4536607820492.515,430814.1282887437,3.1203179926339653e+41
0156,707177313041143.1,43113.424743658674,1.2769315974197783e+41,1903820532637.6072,430814.1282887437,3.5956036659617337e+40
0157,450808684738713.25,43113.424743658674,2.0448799315448276e+40,1102019754406.6584,646632.2190966592,7.719097039145965e+42
0158,436541376626919.4,43113.424743658674,4.299874475777344e+40,314399483615.30316,740366.0134130177,9.923929935361706e+36
0159,450808684738713.25,41950.93588729162,5.714758068284e+40,4837989905933.884,402620.02379144216,4.414640914046251e+41
0160,422725603917276.94,43113.424743658674,3.903192784957287e+40,2309017203911.472,510242.17724234634,1.817762040330313e+42
0161,436541376626919.4,44308.126953854226,3.54965884770105e+40,3862752970003.271,445643.1351108912,7.974361874606162e+41
0162,496469822312222.06,44308.126953854226,5.662006596758102e+40,3184899793878.313,493263.6037355609,1.1432440094093641e+42
0163,465542285604540.44,43113.424743658674,1.9248568943549558e+40,4837989905933.884,389222.6333479636,7.15012222816987e+41
0164,409347076302336.4,44308.126953854226,4.0461981482901667e+40,4254000301181.0786,445643.1351108912,5.659103034836922e+41
0165,480757418884944.3,43113.424743658674,3.448794575417318e+40,6257485343945.197,376271.0480311265,3.0341925882615508e+41
0166,564625251267719.1,43113.424743658674,9.5163337217719e+40,4996108004985.691,430814.1282887437,1.7286142632078561e+41
0167,546755847460193.56,41950.93588729162,6.630168609772851e+40,3184899793878.313,527805.1684035911,3.2780523732996126e+41
0168,496469822312222.06,40819.79179996614,5.41080007005421e+40,7837325132005.645,389222.6333479636,4.405779321387271e+41
0169,348543823340088.1,43113.424743658674,2.439450522644626e+40,2542891030606.955,584205.2955044999,8.067666282084607e+41
0170,348543823340088.1,41950.93588729162,2.2161882470410007e+40,2462412967391.7036,545972.6933965883,1.618005299636557e+42
0171,564625251267719.1,44308.126953854226,2.9896572938015366e+41,1033369546729.8458,527805.1684035911,2.616681873802253e+41
0172,409347076302336.4,43113.424743658674,1.4159965934787792e+41,7589287469431.688,351646.4488109529,2.973595864988241e+42
0173,546755847460193.56,43113.424743658674,2.4176522054690652e+41,3622123169553.179,460982.5695836015,5.012285835631346e+40
0174,480757418884944.3,43113.424743658674,2.334947315466475e+41,4684875968766.25,416478.5643719295,2.0931300017192452e+41
0175,621814547189458.4,40819.79179996614,1.4904414122011434e+41,2711823817433.4067,510242.17724234634,2.5151559228350973e+41
0176,564625251267719.1,39719.147316981514,8.212854354224578e+40,9204541621404.6,328633.3764141353,4.1901653478999016e+42
0177,707177313041143.1,39719.147316981514,1.1800940280475369e+41,3988997788326.376,328633.3764141353,8.707949749540698e+41
0178,436541376626919.4,41950.93588729162,2.5356199568279388e+41,4393032100351.1543,460982.5695836015,4.865944838316585e+41
0179,602135201973896.6,40819.79179996614,1.6945505212097823e+41,1674011991902.1965,460982.5695836015,8.131889353581638e+40
0180,359935142432174.0,40819.79179996614,3.3328830347692973e+40,3862752970003.271,460982.5695836015,8.338501678599872e+41
0181,396391955737937.4,40819.79179996614,6.370453541489664e+40,4119368615813.722,476850.00108219223,7.249543574013203e+41
0182,621814547189458.4,39719.147316981514,8.13831664226603e+40,1569729586402.6428,476850.00108219223,7.022839322974075e+40
0183,396391955737937.4,39719.147316981514,5.152423866472879e+40,2986496787575.317,493263.6037355609,1.17015393473598e+42
0184,621814547189458.4,43113.424743658674,4.629828241680915e+41,938328867685.6477,430814.1282887437,1.1134389557063288e+42
0185,642137064614263.0,41950.93588729162,1.7031100487211733e+41,294814000000.0001,445643.1351108912,5.127889543720763e+39
0186,564625251267719.1,40819.79179996614,3.771152120237003e+41,2625999326339.922,545972.6933965883,1.031081685145031e+42
0187,621814547189458.4,40819.79179996614,1.0108626221122783e+41,2800453276219.6113,476850.00108219223,5.723589810847445e+41
0188,642137064614263.0,40819.79179996614,1.1013955287612122e+41,1966042341572.603,510242.17724234634,1.287448412034111e+41
0189,684796385263151.5,39719.147316981514,1.5369287208518982e+41,908632396613.3987,493263.6037355609,3.779504405735469e+40
0190,663123774789698.0,39719.147316981514,1.1567692886686042e+41,357560277496.77295,493263.6037355609,1.0906529833076732e+40
0191,621814547189458.4,41950.93588729162,4.38686550246397e+41,2711823817433.4067,493263.6037355609,1.2121908526472192e+41
0192,642137064614263.0,40819.79179996614,2.6019504979045277e+41,1569729586402.6428,584205.2955044999,2.1662553269179595e+41
0193,422725603917276.94,39719.147316981514,5.097772517211039e+40,3396483377864.7783,476850.00108219223,8.371043619346716e+41
0194,480757418884944.3,39719.147316981514,7.792273017469857e+40,3862752970003.271,527805.1684035911,8.0911915738158e+41
0195,450808684738713.25,40819.79179996614,5.352843778546899e+40,1569729586402.6428,715729.9497136263,1.814514233207367e+42
0196,621814547189458.4,43113.424743658674,4.862571575473634e+41,637900221309.1887,715729.9497136263,2.0556047113302453e+41
0197,564625251267719.1,41950.93588729162,1.8582450284723796e+41,3084103273751.8486,527805.1684035911,8.011923499423354e+41
0198,496469822312222.06,41950.93588729162,1.1607886035832967e+41,4119368615813.722,476850.00108219223,4.803112918891937e+41
0199,496469822312222.06,39719.147316981514,7.141929969862972e+40,6673191099699.122,402620.02379144216,3.514767667018472e+41
0200,436541376626919.4,43113.424743658674,1.0739048205068038e+41,3396483377864.7783,460982.5695836015,5.436778896215548e+41
0201,465542285604540.44,43113.424743658674,1.6293094673614967e+41,294814000000.0001,161461.40010351967,0.0
0202,359935142432174.0,41950.93588729162,3.127258196366598e+40,3740503579855.1514,445643.1351108912,3.899871158451702e+41
0203,621814547189458.4,43113.424743658674,4.321078517132723e+41,1728723059741.5186,545972.6933965883,2.9409143420230257e+41
0204,684796385263151.5,40819.79179996614,2.4949761609109283e+41,749181517730.5321,545972.6933965883,6.681484055065231e+40
0205,684796385263151.5,39719.147316981514,7.930624998738632e+40,314399483615.30316,545972.6933965883,1.554842356939084e+40
0206,450808684738713.25,39719.147316981514,3.654088764596163e+40,5328016230076.534,389222.6333479636,1.2931238269061179e+41
0207,546755847460193.56,41950.93588729162,1.9703781541640225e+41,3184899793878.313,510242.17724234634,5.235577137327261e+41
0208,450808684738713.25,41950.93588729162,7.68132011214426e+40,3396483377864.7783,445643.1351108912,4.792931833642489e+41
0209,396391955737937.4,39719.147316981514,4.3421950828823115e+40,5502149664498.068,363750.433443757,2.097475423090221e+41
0210,371698759473522.7,40819.79179996614,2.651760993010058e+40,6673191099699.122,351646.4488109529,4.301874334266424e+40
0211,409347076302336.4,39719.147316981514,3.599013465594071e+40,8093469310810.928,328633.3764141353,1.3307376481924313e+40
0212,359935142432174.0,41950.93588729162,5.435882330950273e+40,8631145644288.462,328633.3764141353,4.556786783637075e+40
0213,409347076302336.4,39719.147316981514,5.195742609988164e+40,8913233943034.248,339945.2305545469,5.084406487064413e+40
0214,371698759473522.7,43113.424743658674,6.33092380226469e+40,7349099765997.988,339945.2305545469,1.0130890899048837e+40
0215,371698759473522.7,41950.93588729162,3.098244636633439e+40,2542891030606.955,493263.6037355609,2.9481088320726397e+41
0216,583078673689622.1,43113.424743658674,2.134186885141294e+41,1067142752446.2457,493263.6037355609,6.50237483514216e+40
0217,436541376626919.4,43113.424743658674,1.431753894405848e+41,5867675935648.598,389222.6333479636,2.1080876287825755e+41
0218,465542285604540.44,41950.93588729162,4.5422107137016995e+40,7116513584197.631,339945.2305545469,6.51491122433359e+40
0219,512695747968727.56,40819.79179996614,7.579326419137588e+40,9505369992715.307,339945.2305545469,5.217497631696613e+40
0220,396391955737937.4,41950.93588729162,3.0516671270948246e+40,8093469310810.928,339945.2305545469,7.377763828226318e+40
0221,436541376626919.4,43113.424743658674,1.6656236370369018e+41,2625999326339.922,527805.1684035911,8.353007087677776e+41
0222,396391955737937.4,40819.79179996614,5.968655998552247e+40,3184899793878.313,445643.1351108912,6.001021339764316e+41
0223,326831321580399.75,44308.126953854226,4.634170359810942e+40,5502149664498.068,363750.433443757,1.3137403107792924e+41
0224,326831321580399.75,41950.93588729162,4.3478076177615977e+40,6461996247578.049,363750.433443757,9.143859918156473e+40
0225,326831321580399.75,44308.126953854226,3.9942068211426854e+40,3084103273751.8486,416478.5643719295,4.398439794759668e+41
0226,337513019616912.56,40819.79179996614,6.676538843475624e+40,2625999326339.922,460982.5695836015,6.755859717435267e+41
0227,316487680644833.06,41950.93588729162,2.8018818450975974e+40,2986496787575.317,493263.6037355609,6.806878744444366e+41
0228,371698759473522.7,41950.93588729162,3.621649067227323e+40,4393032100351.1543,445643.1351108912,3.914923996971003e+41
0229,348543823340088.1,40819.79179996614,3.3480405040458083e+40,4996108004985.691,445643.1351108912,5.379747730320449e+41
0230,337513019616912.56,40819.79179996614,4.770938556885579e+40,4119368615813.722,430814.1282887437,2.1771686562207872e+41
0231,409347076302336.4,41950.93588729162,9.652335147569685e+40,7589287469431.688,351646.4488109529,9.602959037736356e+40
0232,409347076302336.4,41950.93588729162,6.576537351394969e+40,4837989905933.884,430814.1282887437,1.918604096644178e+41
0233,326831321580399.75,43113.424743658674,7.100208536349408e+40,3622123169553.179,460982.5695836015,3.904803999633239e+41
0234,409347076302336.4,43113.424743658674,1.5396637805571015e+41,3988997788326.376,510242.17724234634,3.4235238150247743e+41
0235,396391955737937.4,39719.147316981514,5.96669112801534e+40,3184899793878.313,527805.1684035911,5.994103575354859e+41
0236,359935142432174.0,43113.424743658674,9.012435292241893e+40,1520050384515.9585,476850.00108219223,5.458164122095529e+41
0237,348543823340088.1,41950.93588729162,3.3891562847768443e+40,2711823817433.4067,363750.433443757,6.378499536116416e+41
0238,337513019616912.56,41950.93588729162,3.978389599622711e+40,3862752970003.271,389222.6333479636,1.0741476672052257e+41
0239,371698759473522.7,41950.93588729162,9.9490530539826e+40,4684875968766.25,389222.6333479636,8.349806872179441e+40
0240,337513019616912.56,40819.79179996614,5.246587138870612e+40,8631145644288.462,339945.2305545469,2.6545485672277194e+41
0241,436541376626919.4,40819.79179996614,6.089144561601666e+40,8357984947891.931,339945.2305545469,3.274855589163354e+40
0242,316487680644833.06,43113.424743658674,1.1503709767135465e+41,4684875968766.25,416478.5643719295,2.5398416726007807e+41
0243,316487680644833.06,43113.424743658674,7.995378038689289e+40,6059446853495.872,351646.4488109529,1.0454099719427283e+41
0244,306471397892951.3,40819.79179996614,3.337091155493966e+40,3862752970003.271,416478.5643719295,8.924789888939202e+40
0245,480757418884944.3,41950.93588729162,9.448066277212899e+40,1425359001572.086,416478.5643719295,1.5044266758384141e+40
0246,316487680644833.06,41950.93588729162,3.1745202996231135e+40,5681974232668.811,376271.0480311265,8.84470236569982e+40
0247,359935142432174.0,41950.93588729162,3.846469932029979e+40,294814000000.0001,161461.40010351967,0.0
0248,480757418884944.3,40819.79179996614,1.015742289585802e+41,294814000000.0001,161461.40010351967,0.0
0249,480757418884944.3,43113.424743658674,1.3004374190593274e+41,294814000000.0001,161461.40010351967,0.0
0250,396391955737937.4,41950.93588729162,6.734902733382973e+40,938328867685.6477,402620.02379144216,1.323133535022187e+34
0251,450808684738713.25,41950.93588729162,7.224532956654375e+40,294814000000.0001,161461.40010351967,0.0
0252,512695747968727.56,40819.79179996614,1.2216806960024808e+41,294814000000.0001,161461.40010351967,0.0
0253,546755847460193.56,40819.79179996614,1.1769040454862388e+41,294814000000.0001,161461.40010351967,0.0
0254,465542285604540.44,43113.424743658674,1.948343565513934e+41,1033369546729.8458,510242.17724234634,1.4674053176895224e+41
0255,465542285604540.44,40819.79179996614,8.331989043734367e+40,4837989905933.884,376271.0480311265,1.383697330113737e+41
0256,371698759473522.7,41950.93588729162,6.532859028880914e+40,7349099765997.988,363750.433443757,1.2428709247797634e+41
0257,316487680644833.06,43113.424743658674,6.266839863072462e+40,2625999326339.922,476850.00108219223,3.059604571715209e+41
0258,371698759473522.7,43113.424743658674,6.027389833131104e+40,3507489292637.443,389222.6333479636,2.7494391435502687e+41
0259,296772113009551.75,44308.126953854226,2.6701955011442575e+40,4536607820492.515,351646.4488109529,3.1160445083972113e+40
0260,337513019616912.56,41950.93588729162,4.598690358214755e+40,7116513584197.631,317697.9300964932,1.3705013031821513e+40
0261,383846842129873.5,41950.93588729162,6.559217315810123e+40,3862752970003.271,460982.5695836015,2.0675209478682664e+41
0262,337513019616912.56,43113.424743658674,3.188823102821621e+40,2711823817433.4067,402620.02379144216,1.7039535127045292e+41
0263,269477498772982.75,46797.76678721456,3.998743001794126e+40,2891979376341.5117,416478.5643719295,2.0833534620967503e+41
0264,316487680644833.06,41950.93588729162,4.463720702424895e+40,3740503579855.1514,376271.0480311265,1.2416180589696372e+41
0265,396391955737937.4,41950.93588729162,4.2818707767616214e+40,7349099765997.988,328633.3764141353,1.722956190912271e+40
0266,316487680644833.06,44308.126953854226,4.361097403234294e+40,8357984947891.931,307126.36643578357,2.9969893701863964e+39
0267,296772113009551.75,44308.126953854226,2.776433025196502e+40,6461996247578.049,328633.3764141353,1.3364944877912032e+40
0268,316487680644833.06,41950.93588729162,2.4056042521555216e+40,1785222227641.4202,460982.5695836015,6.662316627198741e+41
0269,337513019616912.56,40819.79179996614,3.2886531501544553e+40,4119368615813.722,351646.4488109529,2.6133649343718948e+41
0270,383846842129873.5,40819.79179996614,4.008564647768959e+40,9204541621404.6,307126.36643578357,7.067557485584052e+40
0271,326831321580399.75,43113.424743658674,8.045996074193923e+40,9816030217985.477,307126.36643578357,4.680026001124649e+39
0272,383846842129873.5,40819.79179996614,5.827054822855698e+40,2986496787575.317,476850.00108219223,5.935811315568622e+41
0273,348543823340088.1,41950.93588729162,7.468046285064088e+40,3396483377864.7783,430814.1282887437,1.2241072053333814e+41
0274,287379793565330.1,43113.424743658674,3.543258726583308e+40,3740503579855.1514,416478.5643719295,4.8658087429632235e+40
0275,383846842129873.5,41950.93588729162,1.0380826325870178e+41,5159393814953.366,363750.433443757,3.009848465252116e+40
0276,337513019616912.56,43113.424743658674,7.625169029834283e+40,4119368615813.722,389222.6333479636,2.534371034648997e+40
0277,396391955737937.4,40819.79179996614,4.999057588668295e+40,6461996247578.049,351646.4488109529,1.0705954233566022e+40
0278,422725603917276.94,41950.93588729162,1.4316983597032389e+41,7116513584197.631,339945.2305545469,1.3850736664290356e+40
0279,359935142432174.0,40819.79179996614,6.723089256179976e+40,7589287469431.688,339945.2305545469,3.4361925347744345e+40
0280,396391955737937.4,40819.79179996614,1.394716674839226e+41,7349099765997.988,317697.9300964932,9.398573933550782e+39
0281,348543823340088.1,41950.93588729162,7.245115799965074e+40,8631145644288.462,328633.3764141353,2.5107354602227875e+40
0282,371698759473522.7,39719.147316981514,7.168559698445001e+40,5681974232668.811,351646.4488109529,5.087751696497068e+40
0283,337513019616912.56,40819.79179996614,5.477749151531291e+40,7589287469431.688,317697.9300964932,1.5408105426193228e+40
0284,326831321580399.75,43113.424743658674,9.220357199884987e+40,8631145644288.462,307126.36643578357,1.479945545964571e+40
0285,287379793565330.1,40819.79179996614,4.725749434716608e+40,4254000301181.0786,376271.0480311265,4.396284840352839e+40
0286,269477498772982.75,41950.93588729162,4.2126373023122894e+40,4996108004985.691,389222.6333479636,3.7099500709349166e+40
0287,278284724639857.44,43113.424743658674,3.9928250357215554e+40,4837989905933.884,328633.3764141353,3.1982590883853006e+40
0288,278284724639857.44,43113.424743658674,4.012832435219121e+40,5867675935648.598,317697.9300964932,1.1630975048840126e+40
0289,422725603917276.94,40819.79179996614,8.522191877090061e+40,4837989905933.884,351646.4488109529,1.823837265678314e+40
0290,287379793565330.1,44308.126953854226,5.502127007001063e+40,1102019754406.6584,476850.00108219223,3.549483642638308e+41
0291,436541376626919.4,43113.424743658674,1.4859860563069438e+41,509312963097.6717,460982.5695836015,5.850582604285688e+40
0292,260949006234250.75,46797.76678721456,6.16761951498095e+40,5328016230076.534,328633.3764141353,2.394092568671227e+40
0293,278284724639857.44,44308.126953854226,4.742026197152743e+40,3622123169553.179,317697.9300964932,4.3222417453233243e+40
0294,260949006234250.75,45535.93517173839,3.826619379832653e+40,5159393814953.366,328633.3764141353,2.2910772206935e+40
0295,316487680644833.06,41950.93588729162,5.072645695727433e+40,6461996247578.049,307126.36643578357,2.865974813880211e+40
0296,465542285604540.44,43113.424743658674,3.4347086885359825e+41,2030297721130.8652,307126.36643578357,4.24251616002525e+40
0297,337513019616912.56,44308.126953854226,1.5573567714010297e+41,5867675935648.598,296906.57704756694,1.027041966739902e+41
0298,316487680644833.06,41950.93588729162,6.278331910986814e+40,8631145644288.462,296906.57704756694,1.088159699492086e+39
0299,306471397892951.3,43113.424743658674,6.992354093512692e+40,7116513584197.631,296906.57704756694,2.1638441123460014e+41
0300,383846842129873.5,43113.424743658674,1.0481892911827003e+41,509312963097.6717,493263.6037355609,7.808085268094885e+39
0301,409347076302336.4,41950.93588729162,9.879089998440013e+40,294814000000.0001,445643.1351108912,4.495129123812528e+40
0302,222188381437239.4,45535.93517173839,5.220801175111902e+40,1674011991902.1965,527805.1684035911,4.1089729540839324e+41
0303,215156506932285.7,45535.93517173839,4.887605565962058e+40,2384481894425.3154,460982.5695836015,2.9638716558569997e+41
0304,229450075898644.53,43113.424743658674,3.9138929797738074e+40,4684875968766.25,363750.433443757,7.931585154793589e+40
0305,222188381437239.4,43113.424743658674,4.516753961445765e+40,4119368615813.722,402620.02379144216,7.327494440218565e+40
0306,195368212817820.12,49427.297582481406,4.744681890213553e+40,3184899793878.313,445643.1351108912,1.9451144385011163e+41
0307,236949101430692.06,43113.424743658674,5.011679013126515e+40,3740503579855.1514,416478.5643719295,2.1890108219528222e+41
0308,222188381437239.4,45535.93517173839,4.944817170887513e+40,2986496787575.317,460982.5695836015,2.35984572015216e+41
0309,244693214630330.4,45535.93517173839,6.444594793403853e+40,3184899793878.313,476850.00108219223,4.819910097013433e+41
0310,215156506932285.7,44308.126953854226,4.1234535570548165e+40,2986496787575.317,493263.6037355609,3.922489719865314e+41
0311,422725603917276.94,41950.93588729162,1.5035651126488372e+41,1253305141158.283,493263.6037355609,9.142519387719647e+40
0312,436541376626919.4,40819.79179996614,1.7454501168160026e+41,1966042341572.603,476850.00108219223,9.539517027981623e+40
0313,316487680644833.06,43113.424743658674,7.275740490056625e+40,2462412967391.7036,510242.17724234634,7.326226200071479e+41
0314,244693214630330.4,44308.126953854226,6.727551252541525e+40,3507489292637.443,430814.1282887437,4.55360589529566e+41
0315,260949006234250.75,43113.424743658674,5.678761218350185e+40,5159393814953.366,389222.6333479636,1.3681897634095814e+41
0316,260949006234250.75,40819.79179996614,4.594503625332987e+40,3862752970003.271,445643.1351108912,3.744695324481071e+41
0317,409347076302336.4,41950.93588729162,2.0326055846547238e+41,1966042341572.603,460982.5695836015,7.309542286521976e+40
0318,450808684738713.25,39719.147316981514,1.7187779799321808e+41,825063996277.8367,460982.5695836015,1.2875181570488642e+40
0319,278284724639857.44,41950.93588729162,1.1752571310351877e+41,4536607820492.515,389222.6333479636,1.8583660194941422e+41
0320,244693214630330.4,40819.79179996614,8.555205020896749e+40,2165177213798.77,510242.17724234634,2.51109245388338e+41
0321,383846842129873.5,39719.147316981514,1.4285249468476328e+41,14910941688726.232,307126.36643578357,6.49211675102844e+41
0322,337513019616912.56,40819.79179996614,1.3026719634041026e+41,4684875968766.25,416478.5643719295,1.8872518484122597e+41
0323,260949006234250.75,40819.79179996614,9.955049344185163e+40,3740503579855.1514,416478.5643719295,1.7967448108548892e+41
0324,236949101430692.06,40819.79179996614,4.368741415806066e+40,2711823817433.4067,476850.00108219223,3.1882546185458696e+41
0325,222188381437239.4,41950.93588729162,6.724642582389388e+40,1569729586402.6428,584205.2955044999,1.2347370361401157e+42
0326,409347076302336.4,40819.79179996614,4.627926860627038e+41,680278074235.6105,584205.2955044999,2.1576430308089136e+41
0327,287379793565330.1,40819.79179996614,1.9258509577612412e+41,4393032100351.1543,476850.00108219223,3.2885670925700324e+41
0328,371698759473522.7,39719.147316981514,2.6136020252833086e+41,3288990606564.976,476850.00108219223,2.735366797894245e+41
0329,260949006234250.75,40819.79179996614,1.1207110868149442e+41,3740503579855.1514,430814.1282887437,2.6264734452905776e+41
0330,422725603917276.94,41950.93588729162,4.787071120196562e+41,1785222227641.4202,430814.1282887437,6.323032486211598e+40
0331,252690425600276.66,40819.79179996614,6.728567274596034e+40,5681974232668.811,339945.2305545469,9.660889324553834e+40
0332,244693214630330.4,41950.93588729162,8.607848844969445e+40,7349099765997.988,328633.3764141353,3.9626079906148953e+40
0333,229450075898644.53,43113.424743658674,1.1444470954201059e+41,5328016230076.534,328633.3764141353,1.889897379407017e+41
0334,260949006234250.75,39719.147316981514,8.894091470703785e+40,6673191099699.122,328633.3764141353,1.5355232892033733e+40
0335,222188381437239.4,43113.424743658674,1.15024054297678e+41,5502149664498.068,339945.2305545469,1.6677413146693352e+40
0336,229450075898644.53,41950.93588729162,9.9330321894496e+40,5681974232668.811,351646.4488109529,4.3536704760629444e+40
0337,222188381437239.4,41950.93588729162,7.328721633540097e+40,5681974232668.811,339945.2305545469,2.5589373868191084e+40
0338,229450075898644.53,40819.79179996614,6.492332395421303e+40,5328016230076.534,363750.433443757,5.250858752142347e+40
0339,236949101430692.06,40819.79179996614,8.210446896046985e+40,7589287469431.688,328633.3764141353,2.2787328456783724e+40
0340,260949006234250.75,43113.424743658674,2.4135562991671296e+41,6891288349137.303,317697.9300964932,1.5122624307584402e+40
0341,244693214630330.4,40819.79179996614,6.0807808986916e+40,7589287469431.688,307126.36643578357,7.761923686959259e+39
0342,236949101430692.06,40819.79179996614,5.080067371165753e+40,5502149664498.068,351646.4488109529,3.823680610907609e+40
0343,252690425600276.66,41950.93588729162,1.2799667901906468e+41,8093469310810.928,328633.3764141353,2.4573691335273874e+40
0344,229450075898644.53,40819.79179996614,7.091232588616773e+40,6673191099699.122,328633.3764141353,1.0779663338948839e+40
0345,244693214630330.4,40819.79179996614,6.582364445122682e+40,8357984947891.931,307126.36643578357,1.120549015621308e+40
0346,229450075898644.53,40819.79179996614,6.900043268368859e+40,6257485343945.197,339945.2305545469,4.4888110457527156e+39
0347,269477498772982.75,41950.93588729162,2.4580346379433593e+41,4393032100351.1543,402620.02379144216,6.029911589929119e+40
0348,278284724639857.44,40819.79179996614,1.9679345500377417e+41,5681974232668.811,363750.433443757,4.586286303646438e+40
0349,269477498772982.75,41950.93588729162,2.4990407849365928e+41,6673191099699.122,339945.2305545469,2.990103641497499e+40
0350,208347178983248.0,41950.93588729162,4.927225579516056e+40,2625999326339.922,445643.1351108912,1.2673012970117613e+41
0351,215156506932285.7,40819.79179996614,5.852202733689127e+40,3396483377864.7783,402620.02379144216,5.446627953680578e+40
0352,383846842129873.5,39719.147316981514,5.404464482530877e+41,2891979376341.5117,445643.1351108912,4.928696163063584e+40
0353,359935142432174.0,39719.147316981514,6.664921493688438e+41,2462412967391.7036,510242.17724234634,3.990893132137556e+41
0354,260949006234250.75,39719.147316981514,3.805729544048065e+41,2986496787575.317,416478.5643719295,4.690890485023261e+41
0355,396391955737937.4,40819.79179996614,1.1126812896690638e+42,3622123169553.179,389222.6333479636,8.844642629075786e+40
0356,436541376626919.4,39719.147316981514,1.3585382497444822e+42,1785222227641.4202,460982.5695836015,1.184453767933762e+41
0357,260949006234250.75,39719.147316981514,1.647296260071598e+41,1843567935364.6787,376271.0480311265,1.2605987572706094e+41
0358,236949101430692.06,39719.147316981514,1.2237142996000984e+41,6461996247578.049,307126.36643578357,2.140734382444316e+40
0359,222188381437239.4,39719.147316981514,9.846353453422266e+40,6673191099699.122,307126.36643578357,1.1939429397478832e+40
0360,208347178983248.0,39719.147316981514,6.606226018767394e+40,1425359001572.086,493263.6037355609,4.435828626323135e+41
0361,229450075898644.53,39719.147316981514,1.3982113840927945e+41,2165177213798.77,389222.6333479636,2.6746365592408446e+41
0362,229450075898644.53,39719.147316981514,1.753406045457494e+41,4684875968766.25,351646.4488109529,4.477811689666422e+40
0363,229450075898644.53,39719.147316981514,1.7728814225753556e+41,2986496787575.317,402620.02379144216,9.051324478480726e+40
0364,260949006234250.75,40819.79179996614,4.502393099854537e+41,4119368615813.722,363750.433443757,4.332081433784407e+40
0365,383846842129873.5,40819.79179996614,1.184107746865615e+42,1785222227641.4202,363750.433443757,8.757242607604263e+39
0366,252690425600276.66,39719.147316981514,2.5335309038787205e+41,3184899793878.313,389222.6333479636,4.724091390823778e+40
0367,236949101430692.06,41950.93588729162,2.4642937661851257e+41,3396483377864.7783,328633.3764141353,2.634017979433911e+40
0368,252690425600276.66,40819.79179996614,2.5807303671371052e+41,4837989905933.884,307126.36643578357,5.781205718756789e+40
0369,316487680644833.06,39719.147316981514,4.542907244303785e+41,6257485343945.197,296906.57704756694,4.147937184233783e+40
0370,306471397892951.3,40819.79179996614,5.571719616600724e+41,4684875968766.25,296906.57704756694,7.438169641306106e+40
0371,244693214630330.4,39719.147316981514,8.77591545543852e+40,2891979376341.5117,339945.2305545469,1.422260805163961e+40
0372,260949006234250.75,39719.147316981514,1.4089294490451663e+41,3622123169553.179,287026.8564601882,6.255631975762775e+39
0373,260949006234250.75,39719.147316981514,2.271434409489253e+41,3084103273751.8486,287026.8564601882,2.730792954314303e+40
0374,244693214630330.4,39719.147316981514,1.1567556996700899e+41,2542891030606.955,287026.8564601882,2.217763103937285e+40
0375,229450075898644.53,39719.147316981514,1.00889826152401e+41,3507489292637.443,277475.8887076415,1.8606952637872724e+40
0376,215156506932285.7,41950.93588729162,1.6562972803862371e+41,2891979376341.5117,277475.8887076415,1.853256556281133e+40
0377,215156506932285.7,40819.79179996614,1.9957549326390583e+41,3396483377864.7783,268242.7343685689,1.295086629145281e+40
0378,215156506932285.7,39719.147316981514,8.390031341188807e+40,2711823817433.4067,268242.7343685689,1.050393296984734e+40
0379,229450075898644.53,39719.147316981514,2.6807735550026608e+41,5502149664498.068,259316.8180365392,1.4680440172100228e+40
0380,229450075898644.53,39719.147316981514,2.902118971391216e+41,6059446853495.872,259316.8180365392,4.6926009066355593e+39
0381,236949101430692.06,39719.147316981514,3.330590947733349e+41,4837989905933.884,259316.8180365392,9.512585895760115e+39
0382,306471397892951.3,38648.180062236104,7.704882224486262e+41,6059446853495.872,259316.8180365392,1.0029354696375125e+40
0383,269477498772982.75,38648.180062236104,4.928340042974246e+41,5681974232668.811,250687.9162072655,7.106090932867605e+39
0384,229450075898644.53,39719.147316981514,3.295542589971693e+41,6461996247578.049,250687.9162072655,6.314720076169287e+38
0385,236949101430692.06,39719.147316981514,4.042965745359082e+41,5328016230076.534,250687.9162072655,3.9681636036184335e+39
0386,244693214630330.4,39719.147316981514,6.735460475294563e+41,5681974232668.811,242346.1455688769,3.357458976297265e+39
0387,229450075898644.53,39719.147316981514,4.687002855652433e+41,5159393814953.366,242346.1455688769,2.3963663022540664e+39
0388,229450075898644.53,39719.147316981514,6.450655538151372e+41,4119368615813.722,242346.1455688769,2.7422114420402145e+39
0389,236949101430692.06,38648.180062236104,5.364637990083226e+41,4996108004985.691,234281.9516818377,2.4905058832316905e+39
0390,252690425600276.66,38648.180062236104,8.820418583570058e+41,6257485343945.197,234281.9516818377,1.916341396173313e+39
0391,236949101430692.06,40819.79179996614,1.1022171837173603e+42,6891288349137.303,234281.9516818377,1.2602854748264727e+39
0392,229450075898644.53,39719.147316981514,6.359867776773724e+41,6059446853495.872,234281.9516818377,1.5857841913039527e+39
0393,222188381437239.4,39719.147316981514,4.999778483444721e+41,8093469310810.928,226486.09803555254,5.709828143958944e+38
0394,222188381437239.4,38648.180062236104,3.6580621051082756e+41,10468142054606.785,226486.09803555254,7.379922587646703e+37
0395,222188381437239.4,38648.180062236104,4.576435440718678e+41,12294302918085.78,226486.09803555254,2.1438377871730777e+38
0396,208347178983248.0,40819.79179996614,4.4785393974779836e+41,13111054728935.133,218949.6554691137,3.507621627201919e+37
0397,215156506932285.7,39719.147316981514,4.819143089814386e+41,9204541621404.6,226486.09803555254,2.2811051859648418e+38
0398,215156506932285.7,40819.79179996614,4.144339300889574e+41,9816030217985.477,218949.6554691137,1.26591168859288e+38
0399,215156506932285.7,40819.79179996614,3.1020656403325003e+41,8913233943034.248,218949.6554691137,8.512862033500596e+37
0400,222188381437239.4,40819.79179996614,3.813300829924031e+41,9204541621404.6,211663.99194408173,2.4158408797218853e+38
0401,229450075898644.53,39719.147316981514,3.693692550851468e+41,7837325132005.645,211663.99194408173,2.2965429088400335e+38
0402,222188381437239.4,40819.79179996614,4.493371472484861e+41,7837325132005.645,211663.99194408173,1.79039692379349e+38
0403,229450075898644.53,39719.147316981514,3.967173418459101e+41,7116513584197.631,204620.76265757895,1.458355733042161e+38
0404,244693214630330.4,40819.79179996614,9.147856147101446e+41,12696112728435.014,204620.76265757895,2.530050427782665e+37
0405,278284724639857.44,38648.180062236104,8.557781993028356e+41,15901525596319.79,204620.76265757895,1.659924129884288e+37
0406,326831321580399.75,39719.147316981514,1.6341753911471087e+42,11163575869463.494,211663.99194408173,1.685862400074687e+35
0407,383846842129873.5,38648.180062236104,1.904553044963267e+42,543148332835.2403,242346.1455688769,4.246642828668556e+33
0408,383846842129873.5,38648.180062236104,1.7470546828929033e+42,658748460420.7306,226486.09803555254,2.1769731062245733e+32
0409,215156506932285.7,39719.147316981514,2.130338152186542e+41,10468142054606.785,211663.99194408173,2.570955280399715e+37
0410,201753354380024.28,39719.147316981514,1.442753228183102e+41,10136843627785.957,211663.99194408173,7.922663789748821e+37
0411,201753354380024.28,39719.147316981514,2.1833995805314508e+41,13982066104151.035,204620.76265757895,4.956356241179344e+37
0412,215156506932285.7,39719.147316981514,4.095361769995423e+41,12696112728435.014,211663.99194408173,2.399026213695014e+37
0413,201753354380024.28,39719.147316981514,2.929448132345032e+41,11528430577600.734,211663.99194408173,8.071738056696184e+37
0414,236949101430692.06,40819.79179996614,7.659761120375908e+41,14439036407146.86,204620.76265757895,5.996981024764998e+37
0415,222188381437239.4,39719.147316981514,3.716874231549654e+41,14910941688726.232,197811.9004843798,2.315352777035565e+37
0416,189185149842584.28,41950.93588729162,1.765049324404523e+41,14439036407146.86,191229.60673704112,1.543406750885699e+36
0417,189185149842584.28,40819.79179996614,1.1032210637841202e+41,11905209686987.71,191229.60673704112,1.3069113162763037e+37
0418,189185149842584.28,40819.79179996614,8.803418207750168e+40,13982066104151.035,191229.60673704112,8.878425649388373e+36
0419,189185149842584.28,40819.79179996614,6.290600022555916e+40,9204541621404.6,204620.76265757895,1.8228297507245566e+37
0420,177399880318941.1,41950.93588729162,9.103463188657009e+40,11528430577600.734,204620.76265757895,6.451071033529764e+36
0421,183197770019712.28,41950.93588729162,1.6981410542275995e+41,7116513584197.631,218949.6554691137,1.010581701893755e+38
0422,195368212817820.12,40819.79179996614,2.793663834384358e+41,13982066104151.035,204620.76265757895,4.535110076072889e+37
0423,195368212817820.12,39719.147316981514,2.5502941026950025e+41,12696112728435.014,204620.76265757895,6.366386321073953e+37
0424,222188381437239.4,39719.147316981514,5.0517426749852236e+41,15398270062851.605,197811.9004843798,5.272361234820459e+36
0425,195368212817820.12,39719.147316981514,1.5593398097911701e+41,13539558113731.52,197811.9004843798,2.0057988993983816e+37
0426,177399880318941.1,41950.93588729162,1.3561656722237591e+41,10468142054606.785,204620.76265757895,1.1752114488942187e+37
0427,215156506932285.7,39719.147316981514,2.7915999473607794e+41,15901525596319.79,191229.60673704112,1.3110629909923745e+37
0428,183197770019712.28,41950.93588729162,2.1449223448437338e+41,13982066104151.035,184866.3422334946,1.2697346632572877e+37
0429,189185149842584.28,39719.147316981514,1.9743274678212987e+41,15901525596319.79,178714.81866187273,8.418380330032939e+36
0430,316487680644833.06,38648.180062236104,1.5045285182544707e+42,9505369992715.307,178714.81866187273,5.134781940665651e+35
0431,229450075898644.53,38648.180062236104,4.388661828206031e+41,22650315566186.54,167019.0456086921,2.370046120578017e+36
0432,189185149842584.28,39719.147316981514,2.012809992618716e+41,21933472608293.023,167019.0456086921,1.527315706149598e+36
0433,177399880318941.1,39719.147316981514,2.275496559326223e+41,3084103273751.8486,296906.57704756694,9.682804281431517e+37
0434,215156506932285.7,38648.180062236104,4.7963545480479725e+41,1213640220733.4148,296906.57704756694,1.0747572544451847e+38
0435,278284724639857.44,38648.180062236104,1.615913990411228e+42,637900221309.1887,296906.57704756694,3.41924138056118e+37
0436,260949006234250.75,38648.180062236104,1.3274465675404542e+42,493194096678.63446,277475.8887076415,2.0999364740556023e+37
0437,201753354380024.28,39719.147316981514,5.7023867575911796e+41,1843567935364.6787,218949.6554691137,4.99436819192336e+37
0438,252690425600276.66,39719.147316981514,1.0960840388159554e+42,2711823817433.4067,197811.9004843798,1.903876526208268e+37
0439,229450075898644.53,40819.79179996614,9.916510605572175e+41,10810268176087.229,172767.9902326713,5.059508173598309e+36
0440,269477498772982.75,39719.147316981514,1.2817903751217367e+42,8631145644288.462,172767.9902326713,1.399937481160388e+36
0441,195368212817820.12,39719.147316981514,5.32195306599523e+41,17512146182085.709,167019.0456086921,2.2034593937300662e+36
0442,229450075898644.53,38648.180062236104,8.812475976072364e+41,19916215435303.72,161461.40010351967,5.711953122356198e+35
0443,236949101430692.06,38648.180062236104,8.693312479961749e+41,15901525596319.79,161461.40010351967,8.58400474544197e+35
0444,195368212817820.12,39719.147316981514,4.4628263199133315e+41,6673191099699.122,178714.81866187273,5.746786328330439e+35
0445,177399880318941.1,39719.147316981514,3.698973918102724e+41,8093469310810.928,172767.9902326713,8.56736406102925e+35
0446,252690425600276.66,38648.180062236104,1.7252475839545232e+42,6461996247578.049,167019.0456086921,4.5270161504586006e+35
0447,269477498772982.75,38648.180062236104,2.5094089490738382e+42,2542891030606.955,172767.9902326713,6.561667334896124e+34
0448,287379793565330.1,37606.0898337668,2.040416123729274e+42,1471943442667.867,172767.9902326713,1.5644867134670482e+34
0449,269477498772982.75,38648.180062236104,1.886934204214408e+42,1425359001572.086,172767.9902326713,3.4264983517039817e+34
0450,278284724639857.44,37606.0898337668,1.6119347813124522e+42,1175230625815.9944,167019.0456086921,9.031901382572912e+33
