Spec_File,OptUV_Radius,OptUV_Temperature,OptUV_ChiSquare,SoftX_Radius,SoftX_Temperature,SoftX_ChiSquare
0150,173627570011984.6,169883.6437197453,1.25548177116595e+43,4006441416043.9155,446401.63624961453,6.706521141397684e+41
0151,165437250604697.38,169883.6437197453,1.1106900230001512e+43,3302305621475.7617,403236.7181251849,8.418520716287156e+42
0152,157633283042274.84,161461.40010351967,9.222262445149606e+42,2471183323773.634,519965.2706590242,1.3348809321612639e+42
0153,157633283042274.84,169883.6437197453,1.0470664432048504e+43,4860716923292.736,446401.63624961453,9.898187621520955e+41
0154,165437250604697.38,161461.40010351967,1.1070344250533333e+43,5618966969611.556,383245.63598981337,3.4723915508722234e+41
0155,143112363554767.2,169883.6437197453,8.305670481172438e+42,4860716923292.736,424270.586733286,2.363748809763959e+41
0156,281496188797849.3,161461.40010351967,3.2279169217608993e+43,2036870562768.1086,424270.586733286,2.8952728831487302e+40
0157,182223368425650.75,161461.40010351967,1.281440386267819e+43,1197082870574.8118,637243.9927387064,7.999800933734238e+42
0158,173627570011984.6,161461.40010351967,1.1420941809135399e+43,294814000000.0001,780975.0558280292,2.4031416646851142e+44
0159,173627570011984.6,161461.40010351967,1.197155156710569e+43,4860716923292.736,403236.7181251849,5.853252462334799e+41
0160,165437250604697.38,169883.6437197453,1.0982446225862371e+43,2137710128460.7974,519965.2706590242,1.7275445541972453e+42
0161,173627570011984.6,169883.6437197453,1.229129452054462e+43,3817450492069.5947,446401.63624961453,7.476635180939605e+41
0162,200712692449977.34,161461.40010351967,1.676828949027377e+43,3146530027665.9917,494187.1905238273,1.2246501167610289e+42
0163,182223368425650.75,169883.6437197453,1.4010531970971945e+43,5101356948466.366,383245.63598981337,8.110717579911193e+41
0164,165437250604697.38,161461.40010351967,1.1449320922639024e+43,4204788733616.2495,446401.63624961453,5.3263875118996786e+41
0165,191244719937613.97,161461.40010351967,1.5144355826151384e+43,5618966969611.556,383245.63598981337,2.5267151163391625e+41
0166,221078038775011.3,169883.6437197453,2.1756052539551222e+43,4204788733616.2495,446401.63624961453,1.958269185499826e+41
0167,210649396875692.94,161461.40010351967,1.9421928928125887e+43,3302305621475.7617,519965.2706590242,1.8690567891055377e+42
0168,191244719937613.97,161461.40010351967,1.5621664743608885e+43,5101356948466.366,424270.586733286,8.159227084232045e+42
0169,136361500379267.78,169883.6437197453,8.35139596129881e+42,2721922345840.4185,575625.5251117854,1.6141296908545003e+42
0170,136361500379267.78,161461.40010351967,7.521150084368378e+42,2471183323773.634,547088.0020280032,1.571392134938083e+42
0171,232022972548302.62,161461.40010351967,2.3832169269331767e+43,1086809559964.1991,519965.2706590242,3.725868154498003e+41
0172,157633283042274.84,169883.6437197453,1.2321626701997043e+43,3817450492069.5947,403236.7181251849,1.696262398747305e+43
0173,221078038775011.3,161461.40010351967,2.297861635826241e+43,3302305621475.7617,469687.09846389916,3.672891526934566e+41
0174,191244719937613.97,161461.40010351967,1.814014403558328e+43,4204788733616.2495,424270.586733286,3.513629611967073e+41
0175,232022972548302.62,169883.6437197453,2.997539632006219e+43,2471183323773.634,519965.2706590242,2.0180531647046777e+41
0176,210649396875692.94,161461.40010351967,2.3219705179627944e+43,1678888672304.4734,469687.09846389916,4.3331716954122404e+43
0177,255565221589118.44,169883.6437197453,3.799318945059353e+43,703533854932.9159,469687.09846389916,8.266256660916475e+42
0178,165437250604697.38,169883.6437197453,1.5383929809594844e+43,5101356948466.366,446401.63624961453,7.795187019328765e+41
0179,232022972548302.62,161461.40010351967,2.750661709425609e+43,1940787777648.095,446401.63624961453,1.1207196131228347e+41
0180,136361500379267.78,161461.40010351967,9.287460895738964e+42,3465793214031.2837,469687.09846389916,1.0510371082001881e+42
0181,150197442425220.62,161461.40010351967,1.0633734205142691e+43,4412955652750.838,469687.09846389916,1.0412512477335465e+42
0182,232022972548302.62,161461.40010351967,2.637182224731804e+43,1678888672304.4734,469687.09846389916,1.0526709089751331e+41
0183,143112363554767.2,169883.6437197453,1.0247867185675828e+43,2998102643988.239,494187.1905238273,1.402429287768934e+42
0184,243509758311803.9,161461.40010351967,3.01030596489891e+43,433941483097.26434,519965.2706590242,1.3413927424162302e+43
0185,243509758311803.9,169883.6437197453,3.0591191874736684e+43,294814000000.0001,469687.09846389916,3.0419972852127304e+42
0186,210649396875692.94,169883.6437197453,2.321106807130542e+43,2593524457113.837,547088.0020280032,8.253980014886424e+41
0187,232022972548302.62,169883.6437197453,2.8560060710126264e+43,2998102643988.239,469687.09846389916,6.933629627380403e+41
0188,243509758311803.9,161461.40010351967,3.0061155620759674e+43,2243541969163.485,494187.1905238273,3.874509155036294e+41
0189,255565221589118.44,161461.40010351967,3.3153149848117747e+43,895801771859.4875,494187.1905238273,3.97891947712828e+40
0190,243509758311803.9,161461.40010351967,3.3100359250826434e+43,357675864992.086,494187.1905238273,8.2984608571467e+39
0191,243509758311803.9,161461.40010351967,3.030451779824111e+43,2721922345840.4185,494187.1905238273,2.5572886843367677e+41
0192,243509758311803.9,161461.40010351967,3.1175148536108567e+43,1678888672304.4734,575625.5251117854,7.757690669216695e+40
0193,157633283042274.84,161461.40010351967,1.2342738559004388e+43,3637374604067.49,469687.09846389916,1.2030597562471553e+42
0194,182223368425650.75,161461.40010351967,1.6541589030278818e+43,4204788733616.2495,519965.2706590242,1.0642292540268168e+42
0195,173627570011984.6,161461.40010351967,1.467547564877365e+43,1678888672304.4734,705458.4770241169,1.5476710061591773e+42
0196,243509758311803.9,169883.6437197453,3.202174280456804e+43,670346919325.0374,705458.4770241169,1.7989040644988616e+41
0197,221078038775011.3,161461.40010351967,2.401477095492457e+43,3302305621475.7617,519965.2706590242,1.0941421897342907e+42
0198,191244719937613.97,161461.40010351967,1.887412234806085e+43,4412955652750.838,469687.09846389916,9.714504198752323e+41
0199,182223368425650.75,161461.40010351967,1.6301447583389762e+43,6495500623434.282,403236.7181251849,2.536310381824299e+41
0200,173627570011984.6,161461.40010351967,1.3966235639048047e+43,3146530027665.9917,469687.09846389916,5.0072490661614146e+41
0201,182223368425650.75,169883.6437197453,1.6794596898702447e+43,477971426994.6946,742257.0130879642,5.63928604705838e+44
0202,136361500379267.78,169883.6437197453,8.131132960125897e+42,3637374604067.49,446401.63624961453,6.200836566168956e+41
0203,243509758311803.9,169883.6437197453,3.166356336980728e+43,1678888672304.4734,547088.0020280032,1.9546167866140336e+41
0204,255565221589118.44,161461.40010351967,3.533414481816126e+43,738363779660.7452,547088.0020280032,3.9057219140772546e+40
0205,255565221589118.44,161461.40010351967,3.26485217494649e+43,309409387779.43896,547088.0020280032,2.2800305664096895e+40
0206,165437250604697.38,161461.40010351967,1.3828562097437811e+43,4412955652750.838,403236.7181251849,2.958275339939075e+41
0207,210649396875692.94,161461.40010351967,2.2277642228168813e+43,3637374604067.49,494187.1905238273,6.2382001724556996e+41
0208,173627570011984.6,161461.40010351967,1.5249611331464533e+43,3302305621475.7617,446401.63624961453,3.7474670984370905e+41
0209,143112363554767.2,169883.6437197453,1.0336751522145464e+43,5618966969611.556,364245.642579698,1.9738276169965235e+41
0210,143112363554767.2,161461.40010351967,9.368127110501988e+42,7508769597190.191,346187.603142919,1.1337503410386651e+41
0211,150197442425220.62,161461.40010351967,1.148879301693715e+43,7880507045267.491,329024.8188586541,5.607449711620988e+40
0212,136361500379267.78,169883.6437197453,9.583180973924635e+42,8680103987716.662,329024.8188586541,1.0138508988436162e+41
0213,150197442425220.62,161461.40010351967,1.1231843750627808e+43,7880507045267.491,346187.603142919,4.899694133012849e+40
0214,150197442425220.62,161461.40010351967,9.867352931758964e+42,6495500623434.282,346187.603142919,1.007095720813551e+41
0215,143112363554767.2,161461.40010351967,9.469671862123776e+42,2593524457113.837,494187.1905238273,5.5862538357718185e+41
0216,232022972548302.62,161461.40010351967,2.4984578003551665e+43,1035542831815.0599,494187.1905238273,5.422157997654509e+40
0217,173627570011984.6,161461.40010351967,1.3129429612123424e+43,4860716923292.736,403236.7181251849,2.4691013753039682e+41
0218,182223368425650.75,161461.40010351967,1.4019548765852262e+43,6495500623434.282,346187.603142919,7.692061065088665e+40
0219,191244719937613.97,169883.6437197453,1.701351773344085e+43,8680103987716.662,346187.603142919,1.1412252768685988e+40
0220,150197442425220.62,169883.6437197453,1.0310701487086751e+43,7154567661676.926,346187.603142919,1.6570678924629184e+40
0221,173627570011984.6,161461.40010351967,1.3248488635803695e+43,2243541969163.485,547088.0020280032,1.4147566158149093e+42
0222,150197442425220.62,161461.40010351967,9.538639495212232e+42,3146530027665.9917,446401.63624961453,5.501026426516203e+41
0223,129929087353583.34,169883.6437197453,7.199121906152814e+42,5353910364736.312,364245.642579698,2.3270790092068084e+41
0224,123800102621206.38,169883.6437197453,6.353928975343889e+42,6495500623434.282,364245.642579698,8.106587919193411e+40
0225,129929087353583.34,169883.6437197453,7.253260698581049e+42,3637374604067.49,403236.7181251849,4.939266170497735e+41
0226,129929087353583.34,161461.40010351967,6.63840530045116e+42,2354613237961.394,469687.09846389916,7.078814212428647e+41
0227,123800102621206.38,161461.40010351967,6.24996041302178e+42,2998102643988.239,494187.1905238273,8.233242722167802e+41
0228,143112363554767.2,161461.40010351967,9.703169217508691e+42,4412955652750.838,446401.63624961453,3.219630337328534e+41
0229,129929087353583.34,169883.6437197453,7.957816804079663e+42,5101356948466.366,446401.63624961453,5.849275668382266e+41
0230,129929087353583.34,161461.40010351967,7.080949796991868e+42,4412955652750.838,424270.586733286,3.911154198787658e+41
0231,157633283042274.84,161461.40010351967,1.1808726069809626e+43,8270648138377.99,346187.603142919,5.819913821568537e+40
0232,157633283042274.84,161461.40010351967,1.220942935941698e+43,5101356948466.366,424270.586733286,3.3121277391935293e+41
0233,129929087353583.34,161461.40010351967,7.85064863180621e+42,4204788733616.2495,446401.63624961453,7.024259309577766e+41
0234,165437250604697.38,161461.40010351967,1.2893622714809562e+43,4631428313497.515,494187.1905238273,1.1638403440496935e+42
0235,143112363554767.2,169883.6437197453,1.0227846734028934e+43,3465793214031.2837,519965.2706590242,1.4085722956890472e+42
0236,143112363554767.2,161461.40010351967,8.98668789863877e+42,1318545080769.1057,494187.1905238273,5.4732748624609435e+41
0237,136361500379267.78,161461.40010351967,7.795624512974695e+42,2721922345840.4185,364245.642579698,6.402711170035747e+41
0238,129929087353583.34,161461.40010351967,7.693450856066334e+42,4204788733616.2495,383245.63598981337,8.687767419148853e+40
0239,143112363554767.2,161461.40010351967,1.0367044536165071e+43,5101356948466.366,383245.63598981337,7.504954972839598e+40
0240,129929087353583.34,161461.40010351967,7.384992531391525e+42,4412955652750.838,383245.63598981337,3.487817128125135e+42
0241,165437250604697.38,161461.40010351967,1.302161659219875e+43,7508769597190.191,346187.603142919,2.410877894240226e+41
0242,123800102621206.38,161461.40010351967,7.649965483622352e+42,4204788733616.2495,424270.586733286,2.2781424427525696e+41
0243,123800102621206.38,169883.6437197453,7.37681526509963e+42,6495500623434.282,346187.603142919,9.35220063386388e+40
0244,117960232933157.75,161461.40010351967,5.964011699524197e+42,3465793214031.2837,424270.586733286,3.517159543974647e+41
0245,182223368425650.75,169883.6437197453,1.6499231922222316e+43,1678888672304.4734,403236.7181251849,1.9077290513926504e+40
0246,123800102621206.38,161461.40010351967,6.404924955764365e+42,5101356948466.366,383245.63598981337,3.7784392473748804e+40
0247,136361500379267.78,169883.6437197453,8.747177831694411e+42,552532826553.0702,780975.0558280292,1.0152373900671479e+45
0248,182223368425650.75,161461.40010351967,1.537305579591531e+43,294814000000.0001,705458.4770241169,1.315394252192633e+44
0249,191244719937613.97,161461.40010351967,1.6554040286457695e+43,324727350960.42786,637243.9927387064,9.694737976689332e+43
0250,157633283042274.84,161461.40010351967,1.0710667894371625e+43,294814000000.0001,637243.9927387064,5.848342715810809e+43
0251,173627570011984.6,161461.40010351967,1.4144460220293646e+43,324727350960.42786,575625.5251117854,4.445481522337836e+43
0252,191244719937613.97,169883.6437197453,1.778017933908272e+43,294814000000.0001,469687.09846389916,6.303263819559087e+42
0253,210649396875692.94,161461.40010351967,1.992130572081854e+43,309409387779.43896,403236.7181251849,1.7818455257091088e+42
0254,182223368425650.75,161461.40010351967,1.5778504680466545e+43,1197082870574.8118,494187.1905238273,2.0721493206488257e+41
0255,173627570011984.6,169883.6437197453,1.4465835726669488e+43,4412955652750.838,383245.63598981337,1.630890122242297e+41
0256,143112363554767.2,161461.40010351967,9.161148257994163e+42,5618966969611.556,383245.63598981337,7.29071298971799e+41
0257,123800102621206.38,161461.40010351967,6.886670984798493e+42,2856676842380.816,469687.09846389916,4.023228789852935e+41
0258,150197442425220.62,161461.40010351967,9.414209228723918e+42,3817450492069.5947,383245.63598981337,2.6598304949609055e+41
0259,117960232933157.75,169883.6437197453,5.672182379823455e+42,4860716923292.736,346187.603142919,7.191398606879826e+40
0260,129929087353583.34,169883.6437197453,7.322030464927e+42,7880507045267.491,312712.90607213776,1.765118270805982e+40
0261,150197442425220.62,161461.40010351967,9.59672033741595e+42,4412955652750.838,446401.63624961453,2.6228401785077496e+41
0262,136361500379267.78,161461.40010351967,7.512731729089892e+42,2721922345840.4185,403236.7181251849,1.7290935593971577e+41
0263,112395840221712.94,169883.6437197453,4.779110953930474e+42,2721922345840.4185,424270.586733286,3.1382825282166365e+41
0264,123800102621206.38,161461.40010351967,5.782294379769852e+42,3465793214031.2837,383245.63598981337,1.5379398360915114e+41
0265,150197442425220.62,169883.6437197453,1.0487385659412952e+43,7154567661676.926,329024.8188586541,5.369807684837221e+40
0266,129929087353583.34,161461.40010351967,6.693946583581718e+42,7508769597190.191,312712.90607213776,1.0727417206040973e+40
0267,117960232933157.75,169883.6437197453,5.77574493438293e+42,6495500623434.282,329024.8188586541,6.152418462884036e+39
0268,123800102621206.38,161461.40010351967,6.464985766409162e+42,1599692525779.4668,469687.09846389916,6.790897661596882e+41
0269,129929087353583.34,161461.40010351967,7.249094553452799e+42,3465793214031.2837,364245.642579698,3.114576944998115e+41
0270,143112363554767.2,169883.6437197453,1.046127184980417e+43,8270648138377.99,312712.90607213776,6.684020754801068e+40
0271,129929087353583.34,161461.40010351967,8.026707263936325e+42,8680103987716.662,312712.90607213776,1.1131637339985007e+40
0272,143112363554767.2,169883.6437197453,1.0588542369801784e+43,3302305621475.7617,469687.09846389916,7.537106355048737e+41
0273,136361500379267.78,161461.40010351967,8.46043144976353e+42,3637374604067.49,424270.586733286,2.3855204870041452e+41
0274,112395840221712.94,169883.6437197453,5.824139221825521e+42,4412955652750.838,403236.7181251849,1.2763605924208796e+41
0275,150197442425220.62,161461.40010351967,1.0324548048647662e+43,5101356948466.366,364245.642579698,2.2595440646617694e+40
0276,136361500379267.78,161461.40010351967,8.182797590695441e+42,4412955652750.838,383245.63598981337,3.5659104235934684e+40
0277,150197442425220.62,161461.40010351967,1.0797449498779194e+43,7154567661676.926,346187.603142919,4.908922840070539e+40
0278,165437250604697.38,161461.40010351967,1.2737413173202505e+43,8680103987716.662,329024.8188586541,9.638501389290056e+40
0279,136361500379267.78,161461.40010351967,8.906195020820133e+42,6817074057601.622,346187.603142919,3.210030594984288e+40
0280,150197442425220.62,161461.40010351967,1.1199971017077545e+43,5897145759768.532,329024.8188586541,2.262313917655311e+40
0281,136361500379267.78,161461.40010351967,8.658876771395445e+42,8270648138377.99,329024.8188586541,8.828665240336301e+40
0282,136361500379267.78,161461.40010351967,9.066580919550123e+42,6189096376617.444,346187.603142919,1.0853143282928953e+41
0283,129929087353583.34,161461.40010351967,7.67523176031192e+42,6189096376617.444,329024.8188586541,3.034246977530472e+40
0284,129929087353583.34,161461.40010351967,7.949227785914935e+42,7508769597190.191,312712.90607213776,2.272053242031828e+40
0285,107093929750912.53,169883.6437197453,5.232075060553393e+42,3817450492069.5947,383245.63598981337,9.22079627106561e+40
0286,102042119769462.38,169883.6437197453,4.914375831364749e+42,5353910364736.312,383245.63598981337,8.92313150498412e+40
0287,112395840221712.94,161461.40010351967,5.013887005754605e+42,4860716923292.736,329024.8188586541,4.761642730557904e+40
0288,112395840221712.94,161461.40010351967,5.031936309650744e+42,6495500623434.282,312712.90607213776,8.993092508570599e+39
0289,157633283042274.84,169883.6437197453,1.1924657084882418e+43,4006441416043.9155,364245.642579698,2.657828056086248e+40
0290,117960232933157.75,161461.40010351967,5.5255216291730776e+42,1197082870574.8118,469687.09846389916,3.790549887033059e+41
0291,173627570011984.6,161461.40010351967,1.3259500613214925e+43,477971426994.6946,469687.09846389916,5.717365199905364e+40
0292,112395840221712.94,161461.40010351967,4.46918069086147e+42,5353910364736.312,329024.8188586541,1.708409657690073e+40
0293,112395840221712.94,161461.40010351967,4.855396462341166e+42,4006441416043.9155,312712.90607213776,2.8975221685490956e+40
0294,107093929750912.53,169883.6437197453,4.365067319196256e+42,5101356948466.366,329024.8188586541,1.8472134267767935e+40
0295,123800102621206.38,161461.40010351967,6.562895326505455e+42,7880507045267.491,297209.68151673453,1.1044970643828893e+40
0296,182223368425650.75,169883.6437197453,1.7886413507474345e+43,3465793214031.2837,282475.0532263017,2.9478657992118227e+40
0297,136361500379267.78,161461.40010351967,8.999476022405781e+42,11599445463179.545,268470.91685574595,1.6406804506908028e+39
0298,123800102621206.38,161461.40010351967,6.32912225539142e+42,8680103987716.662,297209.68151673453,9.048632962221607e+39
0299,123800102621206.38,161461.40010351967,6.438938244028752e+42,3817450492069.5947,329024.8188586541,1.555566990181203e+42
0300,150197442425220.62,169883.6437197453,1.0508143343856598e+43,501634408822.14954,494187.1905238273,1.1948841751039687e+40
0301,157633283042274.84,161461.40010351967,1.1308879817209103e+43,294814000000.0001,446401.63624961453,4.610279065928774e+40
0302,92642167063347.3,161461.40010351967,3.3087766079511426e+42,1762005590804.9211,519965.2706590242,4.015494317200519e+41
0303,88272072274946.83,169883.6437197453,3.285978218576215e+42,2721922345840.4185,446401.63624961453,2.654539725500334e+41
0304,92642167063347.3,161461.40010351967,3.120889145926306e+42,4631428313497.515,364245.642579698,8.307548839457873e+40
0305,88272072274946.83,161461.40010351967,2.820152505697784e+42,4006441416043.9155,403236.7181251849,1.096737620962559e+41
0306,88272072274946.83,161461.40010351967,2.3923186544104102e+42,3146530027665.9917,446401.63624961453,2.414804483464019e+41
0307,92642167063347.3,169883.6437197453,3.265747267631506e+42,3465793214031.2837,424270.586733286,2.803858888671508e+41
0308,92642167063347.3,161461.40010351967,3.113901649384972e+42,3465793214031.2837,446401.63624961453,3.58785718612073e+41
0309,102042119769462.38,161461.40010351967,4.0684268936888174e+42,3465793214031.2837,469687.09846389916,7.573242192167843e+41
0310,88272072274946.83,161461.40010351967,2.47939265053718e+42,2998102643988.239,494187.1905238273,5.492709224394756e+41
0311,165437250604697.38,161461.40010351967,1.1408399576533245e+43,1256346978453.5527,494187.1905238273,1.4251071620647842e+41
0312,165437250604697.38,161461.40010351967,1.17946752097413e+43,2137710128460.7974,469687.09846389916,1.5479741314294217e+40
0313,123800102621206.38,169883.6437197453,6.880742877195419e+42,2856676842380.816,494187.1905238273,1.0290460480883739e+42
0314,97228612595164.75,169883.6437197453,4.055393087359656e+42,3817450492069.5947,424270.586733286,4.718223456493712e+41
0315,102042119769462.38,169883.6437197453,4.721283585180337e+42,5618966969611.556,383245.63598981337,2.600729505039527e+41
0316,97228612595164.75,169883.6437197453,4.6121519335036217e+42,3817450492069.5947,446401.63624961453,4.501361612914317e+41
0317,157633283042274.84,161461.40010351967,1.3596491166216488e+43,1849237387352.3691,469687.09846389916,7.5804627298783535e+40
0318,165437250604697.38,161461.40010351967,1.5366655154152573e+43,774918033144.0964,469687.09846389916,1.3613082403179458e+40
0319,107093929750912.53,161461.40010351967,6.307798116752596e+42,3817450492069.5947,403236.7181251849,1.8712621754166972e+41
0320,92642167063347.3,161461.40010351967,4.511461390140209e+42,2036870562768.1086,519965.2706590242,6.141101287028296e+41
0321,143112363554767.2,161461.40010351967,1.1252667405113887e+43,1140614355428.725,519965.2706590242,2.872579377116722e+43
0322,129929087353583.34,161461.40010351967,9.083955156508849e+42,4412955652750.838,424270.586733286,2.362004638324953e+41
0323,97228612595164.75,169883.6437197453,5.218184190425454e+42,4412955652750.838,403236.7181251849,2.8759093691854684e+41
0324,88272072274946.83,169883.6437197453,4.0535081413585504e+42,2856676842380.816,469687.09846389916,2.283393711282998e+41
0325,88272072274946.83,161461.40010351967,3.9729093297518224e+42,1599692525779.4668,575625.5251117854,1.8833914663603214e+42
0326,157633283042274.84,161461.40010351967,1.5149275816854392e+43,703533854932.9159,575625.5251117854,2.782693244356346e+41
0327,107093929750912.53,161461.40010351967,7.272604159683844e+42,3817450492069.5947,494187.1905238273,7.154522837561688e+41
0328,136361500379267.78,161461.40010351967,1.1545899187682495e+43,3465793214031.2837,469687.09846389916,9.232224716120356e+40
0329,97228612595164.75,169883.6437197453,5.64966180113315e+42,4006441416043.9155,424270.586733286,3.270896630640644e+41
0330,165437250604697.38,161461.40010351967,1.5953617808760312e+43,1940787777648.095,424270.586733286,1.040315994008088e+41
0331,97228612595164.75,161461.40010351967,4.428054189069272e+42,6817074057601.622,329024.8188586541,3.4612604309472195e+40
0332,92642167063347.3,169883.6437197453,4.7883527480937887e+42,7508769597190.191,329024.8188586541,7.645220633653762e+40
0333,92642167063347.3,161461.40010351967,4.296014496402476e+42,10034161291321.078,297209.68151673453,3.8366904065956747e+39
0334,97228612595164.75,161461.40010351967,5.4529294812901e+42,6495500623434.282,329024.8188586541,4.465479539341512e+40
0335,88272072274946.83,161461.40010351967,4.141200662878053e+42,6817074057601.622,329024.8188586541,7.268484200282415e+40
0336,88272072274946.83,161461.40010351967,4.479441758936574e+42,6189096376617.444,346187.603142919,4.667893062092386e+40
0337,84108122582942.3,169883.6437197453,3.769841053167161e+42,5101356948466.366,346187.603142919,5.586369392192237e+40
0338,88272072274946.83,161461.40010351967,4.1050429941904424e+42,5353910364736.312,364245.642579698,1.7700658484413087e+40
0339,88272072274946.83,169883.6437197453,4.684859945343917e+42,7508769597190.191,329024.8188586541,2.3059819773003207e+40
0340,102042119769462.38,169883.6437197453,6.449528607745923e+42,7508769597190.191,312712.90607213776,2.2534244511132864e+40
0341,92642167063347.3,161461.40010351967,4.205984946106753e+42,6817074057601.622,312712.90607213776,2.3802955612712807e+40
0342,88272072274946.83,169883.6437197453,4.05760789585888e+42,4631428313497.515,364245.642579698,1.1339038295579873e+41
0343,97228612595164.75,161461.40010351967,5.363738211188719e+42,7880507045267.491,329024.8188586541,5.054390449875144e+40
0344,88272072274946.83,161461.40010351967,3.7164900051273325e+42,6495500623434.282,329024.8188586541,2.4290345798069114e+40
0345,92642167063347.3,161461.40010351967,4.584634160580087e+42,7508769597190.191,312712.90607213776,1.6961212567326967e+40
0346,88272072274946.83,161461.40010351967,3.8675126831986893e+42,5618966969611.556,346187.603142919,2.938471104893515e+40
0347,102042119769462.38,169883.6437197453,6.857515023047598e+42,4412955652750.838,403236.7181251849,1.650414941850488e+41
0348,107093929750912.53,161461.40010351967,6.911961250147369e+42,5618966969611.556,364245.642579698,5.022765073295142e+40
0349,102042119769462.38,169883.6437197453,7.022469368700024e+42,8270648138377.99,329024.8188586541,7.482421659572106e+40
0350,80140593758723.81,169883.6437197453,2.906184364276734e+42,2593524457113.837,446401.63624961453,1.2687233367305835e+41
0351,80140593758723.81,169883.6437197453,3.343763980340398e+42,3465793214031.2837,403236.7181251849,1.3459078366312128e+41
0352,143112363554767.2,161461.40010351967,1.5062728578787073e+43,2856676842380.816,446401.63624961453,9.73608478758129e+40
0353,136361500379267.78,161461.40010351967,1.4087307587055307e+43,2856676842380.816,494187.1905238273,6.171524541302833e+41
0354,97228612595164.75,161461.40010351967,7.19022509070363e+42,2721922345840.4185,424270.586733286,5.010285955759741e+41
0355,150197442425220.62,161461.40010351967,1.7998663450785112e+43,3817450492069.5947,383245.63598981337,1.5492435841313097e+41
0356,165437250604697.38,161461.40010351967,2.1924190669018294e+43,1678888672304.4734,469687.09846389916,1.3575154217157948e+41
0357,97228612595164.75,161461.40010351967,5.836267489758719e+42,1678888672304.4734,383245.63598981337,1.2541458077229943e+41
0358,88272072274946.83,161461.40010351967,5.02949747146431e+42,5897145759768.532,312712.90607213776,3.7011610216360926e+40
0359,80140593758723.81,169883.6437197453,4.104652916841394e+42,5897145759768.532,312712.90607213776,1.0906874255436297e+40
0360,76360220282735.89,161461.40010351967,3.574826059892034e+42,1452331474082.144,494187.1905238273,5.762548091237484e+41
0361,84108122582942.3,169883.6437197453,4.8170135987376335e+42,2354613237961.394,383245.63598981337,2.7515061093591317e+41
0362,84108122582942.3,169883.6437197453,5.2363248853245156e+42,3817450492069.5947,364245.642579698,8.170095303223492e+40
0363,84108122582942.3,169883.6437197453,5.370680182672859e+42,2856676842380.816,403236.7181251849,1.3652103513415446e+41
0364,97228612595164.75,161461.40010351967,7.647843956532878e+42,4006441416043.9155,364245.642579698,6.97047908298187e+40
0365,143112363554767.2,169883.6437197453,1.803326935109328e+43,1762005590804.9211,364245.642579698,1.1104697490061456e+40
0366,92642167063347.3,169883.6437197453,6.608988400710008e+42,3465793214031.2837,383245.63598981337,5.41610437033402e+40
0367,92642167063347.3,161461.40010351967,5.5656170903681993e+42,3465793214031.2837,329024.8188586541,2.99873545305204e+40
0368,97228612595164.75,161461.40010351967,6.39641837307278e+42,8270648138377.99,282475.0532263017,8.607744219922885e+39
0369,117960232933157.75,161461.40010351967,1.0419014134607584e+43,8680103987716.662,282475.0532263017,4.958996220433191e+39
0370,117960232933157.75,161461.40010351967,1.0430483458120417e+43,13408906947673.926,255161.05714164244,4.208648939683881e+39
0371,92642167063347.3,161461.40010351967,5.1724056750298136e+42,2593524457113.837,346187.603142919,1.3936444158591448e+40
0372,97228612595164.75,161461.40010351967,5.890717545574993e+42,4006441416043.9155,282475.0532263017,6.241516600752477e+39
0373,97228612595164.75,161461.40010351967,6.736169200774031e+42,10530923572244.867,242511.0542480984,2.27066761817786e+39
0374,88272072274946.83,169883.6437197453,5.4316364733855283e+42,8270648138377.99,242511.0542480984,8.956154520034104e+38
0375,84108122582942.3,161461.40010351967,4.479522985394644e+42,14072743117597.04,230488.19475566497,1.1548013964970676e+39
0376,84108122582942.3,161461.40010351967,4.291168523011349e+42,11599445463179.545,230488.19475566497,7.714145341334666e+37
0377,80140593758723.81,169883.6437197453,4.6410778648151394e+42,10530923572244.867,230488.19475566497,3.872467935935681e+38
0378,80140593758723.81,161461.40010351967,3.950040575454831e+42,13408906947673.926,219061.3870631087,3.0487131478350127e+38
0379,84108122582942.3,169883.6437197453,5.935521281932982e+42,13408906947673.926,230488.19475566497,4.614731893475865e+38
0380,84108122582942.3,169883.6437197453,6.057063643158408e+42,10034161291321.078,242511.0542480984,6.098514749731533e+38
0381,88272072274946.83,161461.40010351967,6.277360258394993e+42,12173700432623.188,230488.19475566497,5.854470618927818e+37
0382,112395840221712.94,161461.40010351967,1.1985529257075844e+43,14769443894771.04,230488.19475566497,4.9394339896548155e+38
0383,97228612595164.75,161461.40010351967,8.843043931234376e+42,17073410921455.373,219061.3870631087,2.5711049508198353e+38
0384,84108122582942.3,169883.6437197453,6.187095909247244e+42,8270648138377.99,242511.0542480984,1.0195959474278717e+39
0385,88272072274946.83,161461.40010351967,6.458007645795367e+42,10530923572244.867,230488.19475566497,4.7498484820416e+38
0386,92642167063347.3,161461.40010351967,7.889888101831013e+42,12776385103381.217,219061.3870631087,2.1192881191523185e+38
0387,88272072274946.83,161461.40010351967,6.568072161149332e+42,11599445463179.545,219061.3870631087,5.576652535000118e+36
0388,88272072274946.83,161461.40010351967,7.333814067391693e+42,9109830810956.324,219061.3870631087,2.8506685670147704e+38
0389,84108122582942.3,169883.6437197453,7.550564460636632e+42,13408906947673.926,208201.0809832753,1.1845631471901505e+38
0390,92642167063347.3,161461.40010351967,9.492177531955163e+42,17073410921455.373,208201.0809832753,2.3518773919410154e+38
0391,88272072274946.83,169883.6437197453,9.211760829785718e+42,12173700432623.188,219061.3870631087,1.0874070108491734e+38
0392,84108122582942.3,161461.40010351967,7.481820720644245e+42,10530923572244.867,219061.3870631087,1.4874203635711926e+38
0393,84108122582942.3,161461.40010351967,6.567550258745385e+42,17073410921455.373,208201.0809832753,3.3988303781823912e+38
0394,80140593758723.81,161461.40010351967,6.164461403007122e+42,9109830810956.324,230488.19475566497,4.042433435991597e+38
0395,80140593758723.81,161461.40010351967,6.571894358589419e+42,10530923572244.867,230488.19475566497,2.4964768353138084e+38
0396,80140593758723.81,161461.40010351967,5.4796882147704014e+42,13408906947673.926,219061.3870631087,5.090894651598777e+38
0397,80140593758723.81,161461.40010351967,6.108350407771231e+42,12173700432623.188,219061.3870631087,1.2144794040439675e+38
0398,80140593758723.81,169883.6437197453,5.710415753018058e+42,15500636310771.8,208201.0809832753,1.892826262408353e+38
0399,80140593758723.81,169883.6437197453,5.30786473863164e+42,8680103987716.662,219061.3870631087,2.043496518316986e+38
0400,84108122582942.3,161461.40010351967,5.781843192484241e+42,17073410921455.373,197879.19132510768,9.343092301604007e+37
0401,84108122582942.3,161461.40010351967,6.362104648678524e+42,14769443894771.04,197879.19132510768,2.0379322647828505e+37
0402,84108122582942.3,161461.40010351967,5.994611098523721e+42,14769443894771.04,197879.19132510768,6.035100022204045e+37
0403,84108122582942.3,169883.6437197453,6.389471876256836e+42,16268027946799.209,188069.02526420588,4.788375568922361e+37
0404,92642167063347.3,161461.40010351967,8.877155450712795e+42,17073410921455.373,197879.19132510768,6.027787875904615e+37
0405,102042119769462.38,161461.40010351967,1.0558693893628238e+43,13408906947673.926,208201.0809832753,6.207915615881014e+37
0406,123800102621206.38,161461.40010351967,1.6165803205467413e+43,12776385103381.217,208201.0809832753,9.29055558339475e+37
0407,136361500379267.78,169883.6437197453,2.1817107757687424e+43,294814000000.0001,282475.0532263017,1.1458540206850786e+40
0408,143112363554767.2,161461.40010351967,2.1052082532959719e+43,294814000000.0001,255161.05714164244,2.0358216068917112e+39
0409,80140593758723.81,161461.40010351967,4.854333183278649e+42,12173700432623.188,208201.0809832753,6.873152285371025e+37
0410,72758173706358.38,169883.6437197453,4.02556780944135e+42,12173700432623.188,208201.0809832753,1.8259265035706407e+38
0411,76360220282735.89,161461.40010351967,4.2621879689356946e+42,12173700432623.188,208201.0809832753,4.417249000615212e+37
0412,80140593758723.81,161461.40010351967,5.802008739609078e+42,14769443894771.04,208201.0809832753,2.66033555131924e+37
0413,76360220282735.89,161461.40010351967,4.790409535405899e+42,13408906947673.926,208201.0809832753,2.059747090641621e+38
0414,88272072274946.83,169883.6437197453,8.008969802746756e+42,12173700432623.188,208201.0809832753,6.277565086606128e+37
0415,84108122582942.3,161461.40010351967,5.947720092115077e+42,14769443894771.04,197879.19132510768,4.662323172100543e+37
0416,72758173706358.38,161461.40010351967,3.32842226088693e+42,17073410921455.373,188069.02526420588,1.1221170019682385e+37
0417,72758173706358.38,161461.40010351967,2.842911817478082e+42,14072743117597.04,188069.02526420588,1.3836807062839473e+36
0418,72758173706358.38,161461.40010351967,2.8082373421780464e+42,10034161291321.078,197879.19132510768,3.0568632558259222e+37
0419,72758173706358.38,161461.40010351967,2.5089186486884236e+42,7880507045267.491,208201.0809832753,5.828144955569775e+37
0420,69326042034500.164,161461.40010351967,2.7154665423833325e+42,15500636310771.8,197879.19132510768,9.004519531805533e+37
0421,69326042034500.164,169883.6437197453,3.223233819033752e+42,7154567661676.926,219061.3870631087,9.134322615052762e+37
0422,72758173706358.38,169883.6437197453,4.4427615507224104e+42,11599445463179.545,208201.0809832753,2.0509552285281874e+38
0423,72758173706358.38,161461.40010351967,4.398021028236494e+42,17073410921455.373,197879.19132510768,9.200942395743004e+37
0424,80140593758723.81,169883.6437197453,6.394492799185835e+42,15500636310771.8,197879.19132510768,2.7390635328145176e+37
0425,72758173706358.38,161461.40010351967,3.763120163949505e+42,13408906947673.926,197879.19132510768,4.878835194914802e+37
0426,69326042034500.164,161461.40010351967,2.9499689965636665e+42,9109830810956.324,208201.0809832753,4.66303691693108e+37
0427,80140593758723.81,161461.40010351967,5.15565318235011e+42,11599445463179.545,197879.19132510768,2.1617238245933408e+37
0428,69326042034500.164,169883.6437197453,3.6383010610093807e+42,12173700432623.188,188069.02526420588,2.1227962856171308e+37
0429,69326042034500.164,169883.6437197453,3.967972262221133e+42,16268027946799.209,178745.21331410302,8.664545941847871e+36
0430,112395840221712.94,169883.6437197453,1.559657970279702e+43,9560832165339.084,178745.21331410302,9.554054816770932e+34
0431,84108122582942.3,161461.40010351967,6.61733130005556e+42,18805767366485.44,169883.6437197453,2.85615235491488e+36
0432,69326042034500.164,161461.40010351967,3.852813216637292e+42,17918666075947.254,169883.6437197453,2.5753807554970814e+36
0433,66055810080747.76,161461.40010351967,3.6333783734262066e+42,2998102643988.239,297209.68151673453,1.8399244281171485e+39
0434,76360220282735.89,169883.6437197453,6.264369584826634e+42,1197082870574.8118,297209.68151673453,3.9537481949923047e+37
0435,102042119769462.38,161461.40010351967,1.3251134079576666e+43,638725470135.9248,297209.68151673453,7.715587713403423e+37
0436,97228612595164.75,161461.40010351967,1.1571484992806384e+43,433941483097.26434,282475.0532263017,3.2763614507613506e+37
0437,76360220282735.89,161461.40010351967,5.940325604002774e+42,1849237387352.3691,219061.3870631087,5.021711148415578e+37
0438,92642167063347.3,161461.40010351967,1.0032778610202615e+43,2721922345840.4185,197879.19132510768,1.841441485730167e+37
0439,88272072274946.83,161461.40010351967,8.233824203099122e+42,7508769597190.191,178745.21331410302,6.687987391356341e+36
0440,102042119769462.38,161461.40010351967,1.1540672844346947e+43,10530923572244.867,169883.6437197453,1.8846713411346742e+36
0441,72758173706358.38,161461.40010351967,5.5553543430725515e+42,25130628995859.67,161461.40010351967,1.1014041024298157e+36
0442,84108122582942.3,161461.40010351967,8.291003301559474e+42,19736786474139.062,161461.40010351967,1.0272502991815416e+34
0443,88272072274946.83,161461.40010351967,8.736289416739959e+42,15500636310771.8,161461.40010351967,8.020602256582964e+35
0444,72758173706358.38,161461.40010351967,5.2254781219579706e+42,6817074057601.622,178745.21331410302,3.3425302832186773e+36
0445,66055810080747.76,161461.40010351967,4.340262815068009e+42,9560832165339.084,169883.6437197453,1.0075360106426076e+36
0446,92642167063347.3,161461.40010351967,1.215111844106976e+43,5353910364736.312,169883.6437197453,1.963285070831272e+35
0447,102042119769462.38,161461.40010351967,1.511733499097269e+43,1762005590804.9211,178745.21331410302,2.8854459563991067e+35
0448,102042119769462.38,161461.40010351967,1.5649721990983808e+43,1762005590804.9211,169883.6437197453,2.5495609146803216e+34
0449,97228612595164.75,161461.40010351967,1.369496442663594e+43,2998102643988.239,161461.40010351967,5.763677600571564e+34
0450,97228612595164.75,161461.40010351967,1.3757811025285084e+43,986694445859.3854,169883.6437197453,5.981135311497306e+33
